{"accuracy": [0.2996862828731537, 0.4065036475658417, 0.4633733332157135, 0.49778398871421814, 0.5235297083854675, 0.5451421737670898, 0.5607788562774658, 0.5775110721588135, 0.5902096629142761, 0.6062945127487183, 0.6211344003677368, 0.634181559085846, 0.6446391940116882, 0.657487154006958, 0.667646050453186], "loss": [1.5572859048843384, 1.4019739627838135, 1.300407886505127, 1.237407922744751, 1.1761488914489746, 1.1357192993164062, 1.0999863147735596, 1.0629620552062988, 1.0320473909378052, 0.9932219982147217, 0.9668614864349365, 0.9272228479385376, 0.9024209976196289, 0.8661361932754517, 0.8405568599700928], "val_accuracy": [0.386377215385437, 0.45568612217903137, 0.49830710887908936, 0.5082652568817139, 0.5317665934562683, 0.5498904585838318, 0.5514837503433228, 0.5584545135498047, 0.5600478053092957, 0.569607675075531, 0.570802628993988, 0.5686118006706238, 0.561840295791626, 0.5706034898757935, 0.5676159858703613], "val_loss": [1.4495468139648438, 1.301322340965271, 1.2258086204528809, 1.200592041015625, 1.155590295791626, 1.1245956420898438, 1.1040458679199219, 1.092073678970337, 1.084519863128662, 1.0787601470947266, 1.0754213333129883, 1.0802539587020874, 1.0914556980133057, 1.1167936325073242, 1.114026665687561]}