{"accuracy": [0.2745678722858429, 0.38424697518348694, 0.44228675961494446, 0.4754212498664856, 0.5045499801635742, 0.5244045853614807, 0.5443027019500732, 0.5587146878242493, 0.5749118328094482, 0.5866678357124329, 0.5952017903327942, 0.6112683415412903, 0.6277703046798706, 0.634519100189209, 0.6485827565193176], "loss": [1.7695578336715698, 1.579050064086914, 1.4508934020996094, 1.3722060918807983, 1.3064801692962646, 1.2599414587020874, 1.2069209814071655, 1.1725597381591797, 1.1277261972427368, 1.095116138458252, 1.0690454244613647, 1.0293604135513306, 0.9902262687683105, 0.9640713930130005, 0.9265996217727661], "val_accuracy": [0.36119818687438965, 0.4446186125278473, 0.48310694098472595, 0.5053988099098206, 0.5200278759002686, 0.5228143334388733, 0.5477185845375061, 0.5559038519859314, 0.5518983006477356, 0.5593869686126709, 0.5658307075500488, 0.5651341080665588, 0.5574712753295898, 0.5703587532043457, 0.5571229457855225], "val_loss": [1.6185880899429321, 1.4516429901123047, 1.3792122602462769, 1.3121014833450317, 1.2667696475982666, 1.251604676246643, 1.2004157304763794, 1.1846206188201904, 1.1843675374984741, 1.175818920135498, 1.1640760898590088, 1.169076919555664, 1.1990176439285278, 1.1806203126907349, 1.2147051095962524]}